id;inversor_id;modulo_id;qtd_max
1;1;1;9
2;2;1;15
3;3;1;18
4;4;1;23
5;5;1;24
6;6;1;30
7;7;1;10
8;8;1;11
9;9;1;18
10;10;1;21
11;11;1;29
12;12;1;33
13;13;1;36
14;14;1;43
15;15;1;54
16;16;1;54
17;17;1;60
18;18;1;61
19;19;1;72
20;20;1;87
21;21;1;80
22;22;1;109
23;23;1;109
24;24;1;120
25;25;1;127
26;26;1;145
27;27;1;156
28;28;1;160
29;29;1;218
30;30;1;218
31;31;1;236
32;32;1;240
33;33;1;170
34;34;1;363
35;35;1;400
36;36;1;720
37;37;1;10
38;38;1;14
39;39;1;18
40;40;1;20
41;41;1;27
42;42;1;33
43;43;1;43
44;44;1;54
45;45;1;72
46;46;1;72
47;47;1;80
48;48;1;80
49;49;1;80
50;50;1;80
51;51;1;80
52;52;1;160
53;53;1;272
54;54;1;363
55;55;1;363
56;56;1;840
57;57;1;72
58;58;1;181
59;59;1;272
60;60;1;32
61;61;1;40
62;62;1;46
63;63;1;54
64;64;1;60
65;65;1;68
66;66;1;30
67;67;1;18
68;68;1;27
69;69;1;36
70;70;1;9
71;71;1;10
72;72;1;15
73;73;1;18
74;74;1;20
75;75;1;30
76;76;1;32
77;77;1;46
78;78;1;46
79;79;1;54
80;80;1;61
81;81;1;61
82;82;1;68
83;83;1;77
84;84;1;77
85;85;1;92
86;86;1;92
87;87;1;123
88;88;1;154
89;89;1;181
90;90;1;185
91;91;1;218
92;92;1;231
93;93;1;256
94;94;1;309
95;95;1;340
96;96;1;386
97;97;1;720
98;98;1;18
99;99;1;21
100;100;1;27
101;101;1;36
102;102;1;40
103;103;1;54
104;104;1;54
105;105;1;68
106;106;1;81
107;107;1;136
108;1;2;9
109;2;2;15
110;3;2;18
111;4;2;22
112;5;2;24
113;6;2;30
114;7;2;10
115;8;2;10
116;9;2;17
117;10;2;20
118;11;2;28
119;12;2;30
120;13;2;35
121;14;2;42
122;15;2;53
123;16;2;53
124;17;2;57
125;18;2;60
126;19;2;71
127;20;2;85
128;21;2;76
129;22;2;107
130;23;2;107
131;24;2;114
132;25;2;125
133;26;2;142
134;27;2;153
135;28;2;152
136;29;2;214
137;30;2;214
138;31;2;232
139;32;2;228
140;33;2;170
141;34;2;357
142;35;2;380
143;36;2;696
144;37;2;10
145;38;2;14
146;39;2;17
147;40;2;20
148;41;2;26
149;42;2;33
150;43;2;42
151;44;2;53
152;45;2;71
153;46;2;71
154;47;2;76
155;48;2;76
156;49;2;76
157;50;2;76
158;51;2;76
159;52;2;152
160;53;2;267
161;54;2;357
162;55;2;357
163;56;2;812
164;57;2;71
165;58;2;178
166;59;2;267
167;60;2;32
168;61;2;40
169;62;2;45
170;63;2;53
171;64;2;58
172;65;2;66
173;66;2;30
174;67;2;17
175;68;2;26
176;69;2;35
177;70;2;8
178;71;2;10
179;72;2;15
180;73;2;18
181;74;2;20
182;75;2;30
183;76;2;30
184;77;2;45
185;78;2;45
186;79;2;53
187;80;2;60
188;81;2;60
189;82;2;66
190;83;2;75
191;84;2;75
192;85;2;91
193;86;2;91
194;87;2;121
195;88;2;151
196;89;2;178
197;90;2;182
198;91;2;214
199;92;2;227
200;93;2;240
201;94;2;303
202;95;2;333
203;96;2;379
204;97;2;696
205;98;2;17
206;99;2;21
207;100;2;26
208;101;2;35
209;102;2;40
210;103;2;53
211;104;2;53
212;105;2;66
213;106;2;80
214;107;2;133
215;1;3;9
216;2;3;15
217;3;3;18
218;4;3;22
219;5;3;24
220;6;3;30
221;7;3;10
222;8;3;11
223;9;3;18
224;10;3;21
225;11;3;28
226;12;3;33
227;13;3;36
228;14;3;43
229;15;3;54
230;16;3;54
231;17;3;60
232;18;3;61
233;19;3;72
234;20;3;86
235;21;3;80
236;22;3;108
237;23;3;108
238;24;3;118
239;25;3;126
240;26;3;144
241;27;3;154
242;28;3;160
243;29;3;216
244;30;3;216
245;31;3;234
246;32;3;240
247;33;3;170
248;34;3;360
249;35;3;396
250;36;3;720
251;37;3;10
252;38;3;13
253;39;3;17
254;40;3;20
255;41;3;25
256;42;3;30
257;43;3;41
258;44;3;51
259;45;3;68
260;46;3;36
261;47;3;76
262;48;3;76
263;49;3;76
264;50;3;76
265;51;3;76
266;52;3;152
267;53;3;258
268;54;3;344
269;55;3;344
270;56;3;784
271;57;3;68
272;58;3;172
273;59;3;258
274;60;3;32
275;61;3;40
276;62;3;45
277;63;3;54
278;64;3;59
279;65;3;67
280;66;3;30
281;67;3;18
282;68;3;27
283;69;3;36
284;70;3;8
285;71;3;10
286;72;3;15
287;73;3;18
288;74;3;20
289;75;3;30
290;76;3;32
291;77;3;45
292;78;3;45
293;79;3;54
294;80;3;61
295;81;3;61
296;82;3;67
297;83;3;76
298;84;3;76
299;85;3;91
300;86;3;91
301;87;3;122
302;88;3;153
303;89;3;180
304;90;3;183
305;91;3;216
306;92;3;229
307;93;3;256
308;94;3;306
309;95;3;336
310;96;3;382
311;97;3;720
312;98;3;18
313;99;3;21
314;100;3;27
315;101;3;36
316;102;3;40
317;103;3;54
318;104;3;54
319;105;3;67
320;106;3;81
321;107;3;135
322;1;4;8
323;2;4;14
324;3;4;17
325;4;4;21
326;5;4;23
327;6;4;29
328;7;4;10
329;8;4;12
330;9;4;18
331;10;4;21
332;11;4;24
333;12;4;24
334;13;4;36
335;14;4;43
336;15;4;42
337;16;4;54
338;17;4;42
339;18;4;61
340;19;4;72
341;20;4;87
342;21;4;84
343;22;4;84
344;23;4;109
345;24;4;84
346;25;4;127
347;26;4;126
348;27;4;156
349;28;4;168
350;29;4;218
351;30;4;218
352;31;4;236
353;32;4;252
354;33;4;190
355;34;4;336
356;35;4;336
357;36;4;768
358;37;4;10
359;38;4;13
360;39;4;17
361;40;4;20
362;41;4;25
363;42;4;33
364;43;4;41
365;44;4;51
366;45;4;68
367;46;4;40
368;47;4;84
369;48;4;84
370;49;4;84
371;50;4;84
372;51;4;84
373;52;4;168
374;53;4;256
375;54;4;341
376;55;4;341
377;56;4;854
378;57;4;68
379;58;4;170
380;59;4;256
381;60;4;30
382;61;4;38
383;62;4;43
384;63;4;51
385;64;4;56
386;65;4;64
387;66;4;29
388;67;4;17
389;68;4;25
390;69;4;34
391;70;4;8
392;71;4;10
393;72;4;14
394;73;4;17
395;74;4;21
396;75;4;29
397;76;4;30
398;77;4;43
399;78;4;43
400;79;4;51
401;80;4;58
402;81;4;58
403;82;4;64
404;83;4;72
405;84;4;72
406;85;4;87
407;86;4;87
408;87;4;116
409;88;4;145
410;89;4;170
411;90;4;174
412;91;4;205
413;92;4;217
414;93;4;256
415;94;4;290
416;95;4;319
417;96;4;363
418;97;4;726
419;98;4;17
420;99;4;20
421;100;4;25
422;101;4;34
423;102;4;38
424;103;4;51
425;104;4;51
426;105;4;64
427;106;4;76
428;107;4;128
429;1;5;9
430;2;5;15
431;3;5;18
432;4;5;23
433;5;5;24
434;6;5;30
435;7;5;10
436;8;5;12
437;9;5;18
438;10;5;21
439;11;5;24
440;12;5;24
441;13;5;36
442;14;5;43
443;15;5;42
444;16;5;54
445;17;5;42
446;18;5;61
447;19;5;72
448;20;5;87
449;21;5;84
450;22;5;84
451;23;5;109
452;24;5;84
453;25;5;127
454;26;5;126
455;27;5;156
456;28;5;168
457;29;5;218
458;30;5;218
459;31;5;236
460;32;5;252
461;33;5;190
462;34;5;336
463;35;5;336
464;36;5;768
465;37;5;10
466;38;5;14
467;39;5;18
468;40;5;21
469;41;5;27
470;42;5;36
471;43;5;43
472;44;5;54
473;45;5;72
474;46;5;72
475;47;5;84
476;48;5;84
477;49;5;84
478;50;5;84
479;51;5;84
480;52;5;168
481;53;5;272
482;54;5;363
483;55;5;363
484;56;5;896
485;57;5;72
486;58;5;181
487;59;5;272
488;60;5;32
489;61;5;40
490;62;5;46
491;63;5;54
492;64;5;60
493;65;5;68
494;66;5;30
495;67;5;18
496;68;5;27
497;69;5;36
498;70;5;9
499;71;5;10
500;72;5;15
501;73;5;18
502;74;5;22
503;75;5;30
504;76;5;32
505;77;5;46
506;78;5;46
507;79;5;54
508;80;5;61
509;81;5;61
510;82;5;68
511;83;5;77
512;84;5;77
513;85;5;92
514;86;5;92
515;87;5;123
516;88;5;154
517;89;5;181
518;90;5;185
519;91;5;218
520;92;5;231
521;93;5;272
522;94;5;309
523;95;5;340
524;96;5;386
525;97;5;768
526;98;5;18
527;99;5;21
528;100;5;27
529;101;5;36
530;102;5;40
531;103;5;54
532;104;5;54
533;105;5;68
534;106;5;81
535;107;5;136
536;1;6;7
537;2;6;12
538;3;6;14
539;4;6;18
540;5;6;19
541;6;6;24
542;7;6;8
543;8;6;11
544;9;6;14
545;10;6;17
546;11;6;22
547;12;6;22
548;13;6;28
549;14;6;34
550;15;6;40
551;16;6;42
552;17;6;40
553;18;6;48
554;19;6;40
555;20;6;68
556;21;6;71
557;22;6;80
558;23;6;85
559;24;6;80
560;25;6;100
561;26;6;114
562;27;6;122
563;28;6;120
564;29;6;160
565;30;6;171
566;31;6;185
567;32;6;160
568;33;6;170
569;34;6;285
570;35;6;314
571;36;6;360
572;37;6;8
573;38;6;11
574;39;6;14
575;40;6;17
576;41;6;21
577;42;6;28
578;43;6;34
579;44;6;42
580;45;6;57
581;46;6;38
582;47;6;71
583;48;6;71
584;49;6;80
585;50;6;80
586;51;6;80
587;52;6;142
588;53;6;200
589;54;6;200
590;55;6;285
591;56;6;714
592;57;6;57
593;58;6;142
594;59;6;214
595;60;6;25
596;61;6;32
597;62;6;36
598;63;6;42
599;64;6;47
600;65;6;53
601;66;6;24
602;67;6;14
603;68;6;21
604;69;6;28
605;70;6;7
606;71;6;8
607;72;6;12
608;73;6;14
609;74;6;18
610;75;6;24
611;76;6;25
612;77;6;36
613;78;6;36
614;79;6;40
615;80;6;48
616;81;6;48
617;82;6;53
618;83;6;60
619;84;6;60
620;85;6;72
621;86;6;72
622;87;6;97
623;88;6;121
624;89;6;142
625;90;6;145
626;91;6;171
627;92;6;182
628;93;6;214
629;94;6;242
630;95;6;267
631;96;6;303
632;97;6;360
633;98;6;14
634;99;6;17
635;100;6;21
636;101;6;28
637;102;6;32
638;103;6;42
639;104;6;42
640;105;6;53
641;106;6;64
642;107;6;107
643;1;7;7
644;2;7;13
645;3;7;15
646;4;7;19
647;5;7;20
648;6;7;26
649;7;7;9
650;8;7;11
651;9;7;15
652;10;7;18
653;11;7;22
654;12;7;22
655;13;7;30
656;14;7;36
657;15;7;40
658;16;7;46
659;17;7;40
660;18;7;52
661;19;7;61
662;20;7;73
663;21;7;76
664;22;7;80
665;23;7;92
666;24;7;80
667;25;7;107
668;26;7;120
669;27;7;132
670;28;7;153
671;29;7;160
672;30;7;184
673;31;7;200
674;32;7;160
675;33;7;170
676;34;7;307
677;35;7;320
678;36;7;720
679;37;7;9
680;38;7;12
681;39;7;15
682;40;7;18
683;41;7;23
684;42;7;30
685;43;7;36
686;44;7;46
687;45;7;61
688;46;7;38
689;47;7;76
690;48;7;76
691;49;7;80
692;50;7;80
693;51;7;80
694;52;7;153
695;53;7;200
696;54;7;200
697;55;7;307
698;56;7;720
699;57;7;60
700;58;7;153
701;59;7;230
702;60;7;27
703;61;7;34
704;62;7;39
705;63;7;46
706;64;7;50
707;65;7;57
708;66;7;26
709;67;7;15
710;68;7;23
711;69;7;30
712;70;7;7
713;71;7;9
714;72;7;13
715;73;7;15
716;74;7;19
717;75;7;26
718;76;7;27
719;77;7;39
720;78;7;39
721;79;7;46
722;80;7;52
723;81;7;52
724;82;7;57
725;83;7;65
726;84;7;65
727;85;7;78
728;86;7;78
729;87;7;104
730;88;7;130
731;89;7;153
732;90;7;156
733;91;7;184
734;92;7;196
735;93;7;230
736;94;7;261
737;95;7;287
738;96;7;326
739;97;7;653
740;98;7;15
741;99;7;18
742;100;7;23
743;101;7;30
744;102;7;34
745;103;7;46
746;104;7;46
747;105;7;57
748;106;7;69
749;107;7;115
750;1;8;6
751;2;8;11
752;3;8;13
753;4;8;17
754;5;8;18
755;6;8;23
756;7;8;8
757;8;8;10
758;9;8;13
759;10;8;16
760;11;8;21
761;12;8;22
762;13;8;27
763;14;8;32
764;15;8;40
765;16;8;41
766;17;8;40
767;18;8;46
768;19;8;40
769;20;8;65
770;21;8;68
771;22;8;80
772;23;8;82
773;24;8;80
774;25;8;95
775;26;8;109
776;27;8;117
777;28;8;120
778;29;8;160
779;30;8;164
780;31;8;178
781;32;8;160
782;33;8;170
783;34;8;273
784;35;8;301
785;36;8;360
786;37;8;8
787;38;8;10
788;39;8;13
789;40;8;16
790;41;8;20
791;42;8;27
792;43;8;32
793;44;8;41
794;45;8;54
795;46;8;38
796;47;8;68
797;48;8;68
798;49;8;80
799;50;8;80
800;51;8;80
801;52;8;136
802;53;8;200
803;54;8;200
804;55;8;273
805;56;8;684
806;57;8;54
807;58;8;136
808;59;8;205
809;60;8;24
810;61;8;30
811;62;8;34
812;63;8;41
813;64;8;45
814;65;8;51
815;66;8;23
816;67;8;13
817;68;8;20
818;69;8;27
819;70;8;6
820;71;8;8
821;72;8;11
822;73;8;13
823;74;8;17
824;75;8;23
825;76;8;24
826;77;8;34
827;78;8;34
828;79;8;40
829;80;8;46
830;81;8;46
831;82;8;51
832;83;8;58
833;84;8;58
834;85;8;69
835;86;8;69
836;87;8;93
837;88;8;116
838;89;8;136
839;90;8;139
840;91;8;164
841;92;8;174
842;93;8;205
843;94;8;232
844;95;8;256
845;96;8;291
846;97;8;360
847;98;8;13
848;99;8;16
849;100;8;20
850;101;8;27
851;102;8;30
852;103;8;41
853;104;8;41
854;105;8;51
855;106;8;61
856;107;8;102
857;1;9;9
858;2;9;15
859;3;9;18
860;4;9;22
861;5;9;24
862;6;9;30
863;7;9;10
864;8;9;11
865;9;9;18
866;10;9;21
867;11;9;28
868;12;9;33
869;13;9;36
870;14;9;43
871;15;9;54
872;16;9;54
873;17;9;60
874;18;9;61
875;19;9;72
876;20;9;86
877;21;9;80
878;22;9;108
879;23;9;108
880;24;9;118
881;25;9;126
882;26;9;144
883;27;9;154
884;28;9;160
885;29;9;216
886;30;9;216
887;31;9;234
888;32;9;240
889;33;9;170
890;34;9;360
891;35;9;396
892;36;9;720
893;37;9;10
894;38;9;14
895;39;9;18
896;40;9;20
897;41;9;27
898;42;9;33
899;43;9;43
900;44;9;54
901;45;9;72
902;46;9;72
903;47;9;80
904;48;9;80
905;49;9;80
906;50;9;80
907;51;9;80
908;52;9;160
909;53;9;270
910;54;9;360
911;55;9;360
912;56;9;843
913;57;9;72
914;58;9;180
915;59;9;270
916;60;9;32
917;61;9;40
918;62;9;45
919;63;9;54
920;64;9;59
921;65;9;67
922;66;9;30
923;67;9;18
924;68;9;27
925;69;9;36
926;70;9;8
927;71;9;10
928;72;9;15
929;73;9;18
930;74;9;20
931;75;9;30
932;76;9;32
933;77;9;45
934;78;9;45
935;79;9;54
936;80;9;61
937;81;9;61
938;82;9;67
939;83;9;76
940;84;9;76
941;85;9;91
942;86;9;91
943;87;9;122
944;88;9;153
945;89;9;180
946;90;9;180
947;91;9;216
948;92;9;229
949;93;9;256
950;94;9;306
951;95;9;336
952;96;9;382
953;97;9;720
954;98;9;18
955;99;9;21
956;100;9;27
957;101;9;36
958;102;9;40
959;103;9;54
960;104;9;54
961;105;9;67
962;106;9;81
963;107;9;135
964;1;10;8
965;2;10;14
966;3;10;17
967;4;10;22
968;5;10;23
969;6;10;29
970;7;10;10
971;8;10;10
972;9;10;17
973;10;10;20
974;11;10;27
975;12;10;30
976;13;10;34
977;14;10;51
978;15;10;52
979;16;10;52
980;17;10;57
981;18;10;59
982;19;10;69
983;20;10;83
984;21;10;76
985;22;10;104
986;23;10;104
987;24;10;114
988;25;10;121
989;26;10;139
990;27;10;149
991;28;10;152
992;29;10;208
993;30;10;208
994;31;10;226
995;32;10;228
996;33;10;170
997;34;10;347
998;35;10;380
999;36;10;696
1000;37;10;10
1001;38;10;13
1002;39;10;17
1003;40;10;20
1004;41;10;26
1005;42;10;30
1006;43;10;41
1007;44;10;52
1008;45;10;69
1009;46;10;36
1010;47;10;76
1011;48;10;76
1012;49;10;76
1013;50;10;76
1014;51;10;76
1015;52;10;152
1016;53;10;260
1017;54;10;347
1018;55;10;347
1019;56;10;812
1020;57;10;69
1021;58;10;173
1022;59;10;260
1023;60;10;31
1024;61;10;39
1025;62;10;44
1026;63;10;52
1027;64;10;57
1028;65;10;65
1029;66;10;29
1030;67;10;17
1031;68;10;26
1032;69;10;34
1033;70;10;8
1034;71;10;10
1035;72;10;14
1036;73;10;17
1037;74;10;20
1038;75;10;29
1039;76;10;30
1040;77;10;44
1041;78;10;44
1042;79;10;52
1043;80;10;59
1044;81;10;59
1045;82;10;65
1046;83;10;73
1047;84;10;73
1048;85;10;88
1049;86;10;88
1050;87;10;118
1051;88;10;147
1052;89;10;173
1053;90;10;177
1054;91;10;208
1055;92;10;221
1056;93;10;240
1057;94;10;295
1058;95;10;325
1059;96;10;369
1060;97;10;696
1061;98;10;17
1062;99;10;20
1063;100;10;26
1064;101;10;34
1065;102;10;39
1066;103;10;52
1067;104;10;52
1068;105;10;65
1069;106;10;78
1070;107;10;130
1071;1;11;8
1072;2;11;14
1073;3;11;17
1074;4;11;21
1075;5;11;23
1076;6;11;29
1077;7;11;10
1078;8;11;10
1079;9;11;17
1080;10;11;20
1081;11;11;27
1082;12;11;30
1083;13;11;34
1084;14;11;41
1085;15;11;51
1086;16;11;51
1087;17;11;57
1088;18;11;58
1089;19;11;68
1090;20;11;82
1091;21;11;76
1092;22;11;102
1093;23;11;102
1094;24;11;112
1095;25;11;119
1096;26;11;136
1097;27;11;147
1098;28;11;152
1099;29;11;205
1100;30;11;205
1101;31;11;222
1102;32;11;228
1103;33;11;170
1104;34;11;304
1105;35;11;304
1106;36;11;696
1107;37;11;10
1108;38;11;13
1109;39;11;17
1110;40;11;20
1111;41;11;25
1112;42;11;30
1113;43;11;41
1114;44;11;51
1115;45;11;68
1116;46;11;36
1117;47;11;76
1118;48;11;76
1119;49;11;76
1120;50;11;76
1121;51;11;76
1122;52;11;152
1123;53;11;256
1124;54;11;341
1125;55;11;341
1126;56;11;812
1127;57;11;68
1128;58;11;170
1129;59;11;256
1130;60;11;30
1131;61;11;38
1132;62;11;43
1133;63;11;51
1134;64;11;56
1135;65;11;64
1136;66;11;29
1137;67;11;17
1138;68;11;25
1139;69;11;34
1140;70;11;8
1141;71;11;10
1142;72;11;14
1143;73;11;17
1144;74;11;20
1145;75;11;29
1146;76;11;30
1147;77;11;43
1148;78;11;43
1149;79;11;51
1150;80;11;58
1151;81;11;58
1152;82;11;64
1153;83;11;72
1154;84;11;72
1155;85;11;87
1156;86;11;87
1157;87;11;116
1158;88;11;145
1159;89;11;170
1160;90;11;174
1161;91;11;205
1162;92;11;217
1163;93;11;240
1164;94;11;290
1165;95;11;319
1166;96;11;343
1167;97;11;696
1168;98;11;17
1169;99;11;20
1170;100;11;25
1171;101;11;34
1172;102;11;38
1173;103;11;51
1174;104;11;51
1175;105;11;64
1176;106;11;76
1177;107;11;128
1178;1;12;8
1179;2;12;14
1180;3;12;17
1181;4;12;22
1182;5;12;23
1183;6;12;29
1184;7;12;10
1185;8;12;10
1186;9;12;17
1187;10;12;20
1188;11;12;28
1189;12;12;30
1190;13;12;35
1191;14;12;42
1192;15;12;52
1193;16;12;52
1194;17;12;57
1195;18;12;59
1196;19;12;70
1197;20;12;84
1198;21;12;76
1199;22;12;105
1200;23;12;105
1201;24;12;114
1202;25;12;122
1203;26;12;140
1204;27;12;150
1205;28;12;152
1206;29;12;210
1207;30;12;210
1208;31;12;228
1209;32;12;228
1210;33;12;170
1211;34;12;304
1212;35;12;304
1213;36;12;696
1214;37;12;10
1215;38;12;14
1216;39;12;17
1217;40;12;20
1218;41;12;26
1219;42;12;33
1220;43;12;42
1221;44;12;52
1222;45;12;70
1223;46;12;36
1224;47;12;76
1225;48;12;76
1226;49;12;76
1227;50;12;76
1228;51;12;76
1229;52;12;152
1230;53;12;263
1231;54;12;350
1232;55;12;350
1233;56;12;812
1234;57;12;70
1235;58;12;175
1236;59;12;263
1237;60;12;31
1238;61;12;39
1239;62;12;44
1240;63;12;52
1241;64;12;57
1242;65;12;65
1243;66;12;29
1244;67;12;17
1245;68;12;26
1246;69;12;35
1247;70;12;8
1248;71;12;10
1249;72;12;14
1250;73;12;17
1251;74;12;20
1252;75;12;29
1253;76;12;30
1254;77;12;44
1255;78;12;44
1256;79;12;52
1257;80;12;59
1258;81;12;59
1259;82;12;65
1260;83;12;74
1261;84;12;74
1262;85;12;89
1263;86;12;89
1264;87;12;119
1265;88;12;149
1266;89;12;175
1267;90;12;178
1268;91;12;210
1269;92;12;223
1270;93;12;240
1271;94;12;298
1272;95;12;328
1273;96;12;372
1274;97;12;696
1275;98;12;17
1276;99;12;21
1277;100;12;26
1278;101;12;35
1279;102;12;39
1280;103;12;52
1281;104;12;52
1282;105;12;65
1283;106;12;78
1284;107;12;131
1285;1;13;8
1286;2;13;14
1287;3;13;17
1288;4;13;21
1289;5;13;23
1290;6;13;29
1291;7;13;10
1292;8;13;10
1293;9;13;17
1294;10;13;20
1295;11;13;27
1296;12;13;30
1297;13;13;34
1298;14;13;41
1299;15;13;51
1300;16;13;51
1301;17;13;57
1302;18;13;58
1303;19;13;68
1304;20;13;82
1305;21;13;76
1306;22;13;102
1307;23;13;102
1308;24;13;112
1309;25;13;119
1310;26;13;136
1311;27;13;147
1312;28;13;152
1313;29;13;205
1314;30;13;205
1315;31;13;222
1316;32;13;228
1317;33;13;170
1318;34;13;304
1319;35;13;304
1320;36;13;696
1321;37;13;10
1322;38;13;13
1323;39;13;17
1324;40;13;20
1325;41;13;25
1326;42;13;30
1327;43;13;41
1328;44;13;51
1329;45;13;68
1330;46;13;36
1331;47;13;76
1332;48;13;76
1333;49;13;76
1334;50;13;76
1335;51;13;76
1336;52;13;152
1337;53;13;256
1338;54;13;341
1339;55;13;341
1340;56;13;812
1341;57;13;68
1342;58;13;170
1343;59;13;256
1344;60;13;30
1345;61;13;38
1346;62;13;43
1347;63;13;51
1348;64;13;56
1349;65;13;64
1350;66;13;29
1351;67;13;17
1352;68;13;25
1353;69;13;34
1354;70;13;8
1355;71;13;10
1356;72;13;14
1357;73;13;17
1358;74;13;20
1359;75;13;29
1360;76;13;30
1361;77;13;43
1362;78;13;43
1363;79;13;51
1364;80;13;58
1365;81;13;58
1366;82;13;64
1367;83;13;72
1368;84;13;72
1369;85;13;87
1370;86;13;87
1371;87;13;116
1372;88;13;145
1373;89;13;170
1374;90;13;174
1375;91;13;205
1376;92;13;217
1377;93;13;240
1378;94;13;290
1379;95;13;319
1380;96;13;363
1381;97;13;696
1382;98;13;17
1383;99;13;20
1384;100;13;25
1385;101;13;34
1386;102;13;38
1387;103;13;51
1388;104;13;51
1389;105;13;64
1390;106;13;74
1391;107;13;128
1392;1;14;8
1393;2;14;13
1394;3;14;16
1395;4;14;20
1396;5;14;22
1397;6;14;27
1398;7;14;9
1399;8;14;11
1400;9;14;16
1401;10;14;19
1402;11;14;22
1403;12;14;22
1404;13;14;32
1405;14;14;39
1406;15;14;40
1407;16;14;49
1408;17;14;40
1409;18;14;55
1410;19;14;65
1411;20;14;78
1412;21;14;80
1413;22;14;80
1414;23;14;98
1415;24;14;80
1416;25;14;114
1417;26;14;120
1418;27;14;140
1419;28;14;160
1420;29;14;196
1421;30;14;196
1422;31;14;213
1423;32;14;240
1424;33;14;180
1425;34;14;320
1426;35;14;320
1427;36;14;360
1428;37;14;9
1429;38;14;13
1430;39;14;16
1431;40;14;19
1432;41;14;24
1433;42;14;32
1434;43;14;39
1435;44;14;49
1436;45;14;65
1437;46;14;38
1438;47;14;80
1439;48;14;80
1440;49;14;80
1441;50;14;80
1442;51;14;80
1443;52;14;160
1444;53;14;200
1445;54;14;200
1446;55;14;327
1447;56;14;720
1448;57;14;60
1449;58;14;163
1450;59;14;245
1451;60;14;29
1452;61;14;36
1453;62;14;41
1454;63;14;49
1455;64;14;54
1456;65;14;61
1457;66;14;27
1458;67;14;16
1459;68;14;24
1460;69;14;32
1461;70;14;8
1462;71;14;9
1463;72;14;13
1464;73;14;16
1465;74;14;20
1466;75;14;27
1467;76;14;29
1468;77;14;41
1469;78;14;41
1470;79;14;49
1471;80;14;55
1472;81;14;55
1473;82;14;61
1474;83;14;69
1475;84;14;69
1476;85;14;83
1477;86;14;83
1478;87;14;111
1479;88;14;139
1480;89;14;163
1481;90;14;167
1482;91;14;196
1483;92;14;209
1484;93;14;245
1485;94;14;278
1486;95;14;306
1487;96;14;348
1488;97;14;696
1489;98;14;16
1490;99;14;19
1491;100;14;24
1492;101;14;32
1493;102;14;36
1494;103;14;49
1495;104;14;49
1496;105;14;61
1497;106;14;73
1498;107;14;122
1499;1;15;7
1500;2;15;12
1501;3;15;14
1502;4;15;18
1503;5;15;19
1504;6;15;24
1505;7;15;8
1506;8;15;11
1507;9;15;14
1508;10;15;17
1509;11;15;22
1510;12;15;22
1511;13;15;28
1512;14;15;34
1513;15;15;40
1514;16;15;42
1515;17;15;40
1516;18;15;48
1517;19;15;40
1518;20;15;68
1519;21;15;71
1520;22;15;80
1521;23;15;85
1522;24;15;80
1523;25;15;100
1524;26;15;114
1525;27;15;122
1526;28;15;120
1527;29;15;160
1528;30;15;171
1529;31;15;185
1530;32;15;160
1531;33;15;180
1532;34;15;285
1533;35;15;314
1534;36;15;372
1535;37;15;8
1536;38;15;11
1537;39;15;14
1538;40;15;17
1539;41;15;21
1540;42;15;28
1541;43;15;34
1542;44;15;42
1543;45;15;57
1544;46;15;38
1545;47;15;71
1546;48;15;71
1547;49;15;80
1548;50;15;80
1549;51;15;80
1550;52;15;142
1551;53;15;200
1552;54;15;200
1553;55;15;285
1554;56;15;714
1555;57;15;57
1556;58;15;142
1557;59;15;214
1558;60;15;25
1559;61;15;32
1560;62;15;34
1561;63;15;42
1562;64;15;47
1563;65;15;53
1564;66;15;24
1565;67;15;14
1566;68;15;21
1567;69;15;28
1568;70;15;7
1569;71;15;8
1570;72;15;12
1571;73;15;14
1572;74;15;18
1573;75;15;24
1574;76;15;25
1575;77;15;36
1576;78;15;36
1577;79;15;40
1578;80;15;48
1579;81;15;48
1580;82;15;53
1581;83;15;60
1582;84;15;60
1583;85;15;72
1584;86;15;72
1585;87;15;97
1586;88;15;121
1587;89;15;142
1588;90;15;145
1589;91;15;171
1590;92;15;182
1591;93;15;214
1592;94;15;242
1593;95;15;267
1594;96;15;303
1595;97;15;372
1596;98;15;14
1597;99;15;17
1598;100;15;21
1599;101;15;28
1600;102;15;32
1601;103;15;42
1602;104;15;42
1603;105;15;53
1604;106;15;64
1605;107;15;107
1606;1;16;7
1607;2;16;13
1608;3;16;15
1609;4;16;19
1610;5;16;21
1611;6;16;26
1612;7;16;9
1613;8;16;11
1614;9;16;15
1615;10;16;18
1616;11;16;22
1617;12;16;22
1618;13;16;31
1619;14;16;37
1620;15;16;40
1621;16;16;46
1622;17;16;40
1623;18;16;53
1624;19;16;62
1625;20;16;75
1626;21;16;78
1627;22;16;60
1628;23;16;93
1629;24;16;80
1630;25;16;109
1631;26;16;120
1632;27;16;134
1633;28;16;156
1634;29;16;160
1635;30;16;187
1636;31;16;203
1637;32;16;160
1638;33;16;170
1639;34;16;312
1640;35;16;320
1641;36;16;720
1642;37;16;9
1643;38;16;12
1644;39;16;15
1645;40;16;18
1646;41;16;23
1647;42;16;31
1648;43;16;37
1649;44;16;46
1650;45;16;62
1651;46;16;38
1652;47;16;78
1653;48;16;78
1654;49;16;80
1655;50;16;80
1656;51;16;80
1657;52;16;156
1658;53;16;200
1659;54;16;200
1660;55;16;312
1661;56;16;720
1662;57;16;60
1663;58;16;156
1664;59;16;234
1665;60;16;28
1666;61;16;35
1667;62;16;39
1668;63;16;46
1669;64;16;51
1670;65;16;58
1671;66;16;26
1672;67;16;15
1673;68;16;23
1674;69;16;31
1675;70;16;7
1676;71;16;9
1677;72;16;13
1678;73;16;15
1679;74;16;19
1680;75;16;26
1681;76;16;27
1682;77;16;39
1683;78;16;39
1684;79;16;46
1685;80;16;53
1686;81;16;53
1687;82;16;58
1688;83;16;66
1689;84;16;66
1690;85;16;79
1691;86;16;79
1692;87;16;106
1693;88;16;132
1694;89;16;156
1695;90;16;159
1696;91;16;187
1697;92;16;199
1698;93;16;234
1699;94;16;265
1700;95;16;292
1701;96;16;332
1702;97;16;664
1703;98;16;15
1704;99;16;18
1705;100;16;23
1706;101;16;31
1707;102;16;34
1708;103;16;46
1709;104;16;46
1710;105;16;57
1711;106;16;69
1712;107;16;115
1713;1;17;6
1714;2;17;11
1715;3;17;13
1716;4;17;17
1717;5;17;18
1718;6;17;23
1719;7;17;8
1720;8;17;10
1721;9;17;13
1722;10;17;16
1723;11;17;21
1724;12;17;22
1725;13;17;27
1726;14;17;32
1727;15;17;40
1728;16;17;41
1729;17;17;40
1730;18;17;46
1731;19;17;40
1732;20;17;65
1733;21;17;68
1734;22;17;80
1735;23;17;82
1736;24;17;80
1737;25;17;95
1738;26;17;109
1739;27;17;117
1740;28;17;120
1741;29;17;160
1742;30;17;164
1743;31;17;178
1744;32;17;160
1745;33;17;180
1746;34;17;273
1747;35;17;301
1748;36;17;360
1749;37;17;8
1750;38;17;10
1751;39;17;13
1752;40;17;16
1753;41;17;20
1754;42;17;27
1755;43;17;32
1756;44;17;41
1757;45;17;54
1758;46;17;38
1759;47;17;68
1760;48;17;68
1761;49;17;80
1762;50;17;80
1763;51;17;80
1764;52;17;136
1765;53;17;200
1766;54;17;200
1767;55;17;273
1768;56;17;684
1769;57;17;54
1770;58;17;136
1771;59;17;205
1772;60;17;24
1773;61;17;30
1774;62;17;34
1775;63;17;41
1776;64;17;45
1777;65;17;51
1778;66;17;23
1779;67;17;13
1780;68;17;20
1781;69;17;27
1782;70;17;6
1783;71;17;8
1784;72;17;11
1785;73;17;13
1786;74;17;17
1787;75;17;23
1788;76;17;24
1789;77;17;34
1790;78;17;34
1791;79;17;40
1792;80;17;46
1793;81;17;46
1794;82;17;51
1795;83;17;58
1796;84;17;58
1797;85;17;69
1798;86;17;69
1799;87;17;93
1800;88;17;116
1801;89;17;136
1802;90;17;139
1803;91;17;164
1804;92;17;174
1805;93;17;205
1806;94;17;232
1807;95;17;256
1808;96;17;291
1809;97;17;360
1810;98;17;13
1811;99;17;16
1812;100;17;20
1813;101;17;27
1814;102;17;30
1815;103;17;41
1816;104;17;41
1817;105;17;51
1818;106;17;64
1819;107;17;102
1820;1;18;8
1821;2;18;13
1822;3;18;16
1823;4;18;20
1824;5;18;21
1825;6;18;27
1826;7;18;9
1827;8;18;11
1828;9;18;16
1829;10;18;19
1830;11;18;22
1831;12;18;22
1832;13;18;32
1833;14;18;38
1834;15;18;40
1835;16;18;49
1836;17;18;40
1837;18;18;54
1838;19;18;64
1839;20;18;77
1840;21;18;80
1841;22;18;80
1842;23;18;96
1843;24;18;80
1844;25;18;112
1845;26;18;120
1846;27;18;138
1847;28;18;160
1848;29;18;160
1849;30;18;193
1850;31;18;209
1851;32;18;160
1852;33;18;180
1853;34;18;320
1854;35;18;320
1855;36;18;720
1856;37;18;9
1857;38;18;12
1858;39;18;16
1859;40;18;19
1860;41;18;24
1861;42;18;32
1862;43;18;38
1863;44;18;48
1864;45;18;64
1865;46;18;38
1866;47;18;80
1867;48;18;80
1868;49;18;80
1869;50;18;80
1870;51;18;80
1871;52;18;160
1872;53;18;200
1873;54;18;200
1874;55;18;322
1875;56;18;806
1876;57;18;60
1877;58;18;161
1878;59;18;241
1879;60;18;29
1880;61;18;36
1881;62;18;41
1882;63;18;48
1883;64;18;53
1884;65;18;60
1885;66;18;27
1886;67;18;16
1887;68;18;24
1888;69;18;32
1889;70;18;7
1890;71;18;9
1891;72;18;13
1892;73;18;16
1893;74;18;20
1894;75;18;27
1895;76;18;28
1896;77;18;41
1897;78;18;41
1898;79;18;40
1899;80;18;54
1900;81;18;54
1901;82;18;60
1902;83;18;68
1903;84;18;68
1904;85;18;82
1905;86;18;82
1906;87;18;109
1907;88;18;137
1908;89;18;161
1909;90;18;164
1910;91;18;193
1911;92;18;205
1912;93;18;241
1913;94;18;274
1914;95;18;301
1915;96;18;342
1916;97;18;360
1917;98;18;16
1918;99;18;19
1919;100;18;24
1920;101;18;32
1921;102;18;36
1922;103;18;48
1923;104;18;48
1924;105;18;60
1925;106;18;72
1926;107;18;120
1927;1;19;8
1928;2;19;13
1929;3;19;16
1930;4;19;20
1931;5;19;21
1932;6;19;27
1933;7;19;9
1934;8;19;11
1935;9;19;16
1936;10;19;19
1937;11;19;22
1938;12;19;22
1939;13;19;32
1940;14;19;38
1941;15;19;40
1942;16;19;48
1943;17;19;40
1944;18;19;54
1945;19;19;64
1946;20;19;77
1947;21;19;80
1948;22;19;80
1949;23;19;96
1950;24;19;80
1951;25;19;112
1952;26;19;120
1953;27;19;138
1954;28;19;160
1955;29;19;160
1956;30;19;193
1957;31;19;209
1958;32;19;160
1959;33;19;180
1960;34;19;320
1961;35;19;320
1962;36;19;744
1963;37;19;9
1964;38;19;12
1965;39;19;16
1966;40;19;19
1967;41;19;24
1968;42;19;32
1969;43;19;38
1970;44;19;48
1971;45;19;64
1972;46;19;38
1973;47;19;80
1974;48;19;80
1975;49;19;80
1976;50;19;80
1977;51;19;80
1978;52;19;160
1979;53;19;200
1980;54;19;200
1981;55;19;322
1982;56;19;806
1983;57;19;60
1984;58;19;161
1985;59;19;241
1986;60;19;29
1987;61;19;36
1988;62;19;41
1989;63;19;48
1990;64;19;53
1991;65;19;60
1992;66;19;27
1993;67;19;16
1994;68;19;24
1995;69;19;32
1996;70;19;7
1997;71;19;9
1998;72;19;13
1999;73;19;16
2000;74;19;20
2001;75;19;27
2002;76;19;28
2003;77;19;41
2004;78;19;41
2005;79;19;40
2006;80;19;54
2007;81;19;54
2008;82;19;60
2009;83;19;68
2010;84;19;68
2011;85;19;82
2012;86;19;82
2013;87;19;109
2014;88;19;137
2015;89;19;161
2016;90;19;164
2017;91;19;193
2018;92;19;205
2019;93;19;241
2020;94;19;274
2021;95;19;301
2022;96;19;342
2023;97;19;372
2024;98;19;16
2025;99;19;19
2026;100;19;24
2027;101;19;32
2028;102;19;36
2029;103;19;48
2030;104;19;48
2031;105;19;60
2032;106;19;72
2033;107;19;120
2034;1;20;8
2035;2;20;13
2036;3;20;16
2037;4;20;20
2038;5;20;21
2039;6;20;27
2040;7;20;9
2041;8;20;11
2042;9;20;16
2043;10;20;19
2044;11;20;22
2045;12;20;22
2046;13;20;32
2047;14;20;38
2048;15;20;40
2049;16;20;48
2050;17;20;40
2051;18;20;54
2052;19;20;64
2053;20;20;76
2054;21;20;80
2055;22;20;80
2056;23;20;96
2057;24;20;80
2058;25;20;112
2059;26;20;120
2060;27;20;137
2061;28;20;160
2062;29;20;160
2063;30;20;192
2064;31;20;208
2065;32;20;160
2066;33;20;180
2067;34;20;320
2068;35;20;320
2069;36;20;744
2070;37;20;9
2071;38;20;12
2072;39;20;16
2073;40;20;19
2074;41;20;24
2075;42;20;32
2076;43;20;38
2077;44;20;48
2078;45;20;64
2079;46;20;38
2080;47;20;80
2081;48;20;80
2082;49;20;80
2083;50;20;80
2084;51;20;80
2085;52;20;160
2086;53;20;200
2087;54;20;200
2088;55;20;320
2089;56;20;800
2090;57;20;60
2091;58;20;160
2092;59;20;240
2093;60;20;28
2094;61;20;36
2095;62;20;40
2096;63;20;48
2097;64;20;52
2098;65;20;60
2099;66;20;27
2100;67;20;16
2101;68;20;24
2102;69;20;32
2103;70;20;7
2104;71;20;9
2105;72;20;13
2106;73;20;16
2107;74;20;20
2108;75;20;27
2109;76;20;28
2110;77;20;40
2111;78;20;40
2112;79;20;40
2113;80;20;54
2114;81;20;54
2115;82;20;60
2116;83;20;68
2117;84;20;68
2118;85;20;81
2119;86;20;81
2120;87;20;108
2121;88;20;136
2122;89;20;160
2123;90;20;163
2124;91;20;192
2125;92;20;204
2126;93;20;240
2127;94;20;272
2128;95;20;299
2129;96;20;340
2130;97;20;372
2131;98;20;16
2132;99;20;19
2133;100;20;24
2134;101;20;32
2135;102;20;36
2136;103;20;48
2137;104;20;48
2138;105;20;60
2139;106;20;72
2140;107;20;120
2141;1;21;8
2142;2;21;14
2143;3;21;17
2144;4;21;22
2145;5;21;23
2146;6;21;29
2147;7;21;10
2148;8;21;12
2149;9;21;17
2150;10;21;21
2151;11;21;28
2152;12;21;35
2153;13;21;35
2154;14;21;42
2155;15;21;52
2156;16;21;52
2157;17;21;59
2158;18;21;59
2159;19;21;70
2160;20;21;84
2161;21;21;87
2162;22;21;105
2163;23;21;105
2164;24;21;115
2165;25;21;122
2166;26;21;140
2167;27;21;150
2168;28;21;175
2169;29;21;210
2170;30;21;210
2171;31;21;228
2172;32;21;263
2173;33;21;190
2174;34;21;350
2175;35;21;352
2176;36;21;792
2177;37;21;10
2178;38;21;14
2179;39;21;17
2180;40;21;21
2181;41;21;26
2182;42;21;35
2183;43;21;42
2184;44;21;52
2185;45;21;70
2186;46;21;40
2187;47;21;87
2188;48;21;87
2189;49;21;88
2190;50;21;88
2191;51;21;88
2192;52;21;175
2193;53;21;220
2194;54;21;220
2195;55;21;350
2196;56;21;877
2197;57;21;64
2198;58;21;175
2199;59;21;263
2200;60;21;31
2201;61;21;39
2202;62;21;44
2203;63;21;52
2204;64;21;57
2205;65;21;65
2206;66;21;29
2207;67;21;17
2208;68;21;26
2209;69;21;35
2210;70;21;8
2211;71;21;10
2212;72;21;14
2213;73;21;17
2214;74;21;22
2215;75;21;29
2216;76;21;31
2217;77;21;44
2218;78;21;44
2219;79;21;52
2220;80;21;59
2221;81;21;59
2222;82;21;65
2223;83;21;74
2224;84;21;74
2225;85;21;89
2226;86;21;89
2227;87;21;119
2228;88;21;149
2229;89;21;175
2230;90;21;178
2231;91;21;210
2232;92;21;223
2233;93;21;263
2234;94;21;298
2235;95;21;328
2236;96;21;372
2237;97;21;745
2238;98;21;17
2239;99;21;21
2240;100;21;26
2241;101;21;35
2242;102;21;39
2243;103;21;52
2244;104;21;52
2245;105;21;65
2246;106;21;78
2247;107;21;131
2248;1;22;8
2249;2;22;14
2250;3;22;17
2251;4;22;21
2252;5;22;23
2253;6;22;29
2254;7;22;10
2255;8;22;10
2256;9;22;17
2257;10;22;20
2258;11;22;27
2259;12;22;30
2260;13;22;34
2261;14;22;41
2262;15;22;51
2263;16;22;51
2264;17;22;57
2265;18;22;58
2266;19;22;68
2267;20;22;82
2268;21;22;76
2269;22;22;102
2270;23;22;102
2271;24;22;112
2272;25;22;119
2273;26;22;136
2274;27;22;147
2275;28;22;152
2276;29;22;205
2277;30;22;205
2278;31;22;222
2279;32;22;228
2280;33;22;170
2281;34;22;304
2282;35;22;304
2283;36;22;696
2284;37;22;10
2285;38;22;13
2286;39;22;17
2287;40;22;20
2288;41;22;25
2289;42;22;30
2290;43;22;41
2291;44;22;51
2292;45;22;68
2293;46;22;36
2294;47;22;76
2295;48;22;76
2296;49;22;76
2297;50;22;76
2298;51;22;76
2299;52;22;152
2300;53;22;256
2301;54;22;341
2302;55;22;341
2303;56;22;812
2304;57;22;68
2305;58;22;170
2306;59;22;256
2307;60;22;30
2308;61;22;38
2309;62;22;43
2310;63;22;51
2311;64;22;56
2312;65;22;64
2313;66;22;29
2314;67;22;17
2315;68;22;25
2316;69;22;34
2317;70;22;8
2318;71;22;10
2319;72;22;14
2320;73;22;17
2321;74;22;20
2322;75;22;29
2323;76;22;30
2324;77;22;43
2325;78;22;43
2326;79;22;51
2327;80;22;58
2328;81;22;58
2329;82;22;64
2330;83;22;72
2331;84;22;72
2332;85;22;87
2333;86;22;87
2334;87;22;116
2335;88;22;145
2336;89;22;170
2337;90;22;174
2338;91;22;205
2339;92;22;217
2340;93;22;240
2341;94;22;290
2342;95;22;319
2343;96;22;363
2344;97;22;696
2345;98;22;17
2346;99;22;20
2347;100;22;25
2348;101;22;34
2349;102;22;38
2350;103;22;51
2351;104;22;51
2352;105;22;64
2353;106;22;76
2354;107;22;128
2355;1;23;8
2356;2;23;13
2357;3;23;16
2358;4;23;20
2359;5;23;21
2360;6;23;27
2361;7;23;9
2362;8;23;11
2363;9;23;16
2364;10;23;19
2365;11;23;22
2366;12;23;22
2367;13;23;32
2368;14;23;38
2369;15;23;40
2370;16;23;48
2371;17;23;40
2372;18;23;54
2373;19;23;64
2374;20;23;76
2375;21;23;80
2376;22;23;80
2377;23;23;96
2378;24;23;80
2379;25;23;112
2380;26;23;120
2381;27;23;137
2382;28;23;160
2383;29;23;160
2384;30;23;192
2385;31;23;208
2386;32;23;160
2387;33;23;170
2388;34;23;320
2389;35;23;320
2390;36;23;720
2391;37;23;9
2392;38;23;12
2393;39;23;16
2394;40;23;19
2395;41;23;24
2396;42;23;32
2397;43;23;38
2398;44;23;48
2399;45;23;64
2400;46;23;38
2401;47;23;80
2402;48;23;80
2403;49;23;80
2404;50;23;80
2405;51;23;80
2406;52;23;160
2407;53;23;200
2408;54;23;200
2409;55;23;320
2410;56;23;800
2411;57;23;60
2412;58;23;160
2413;59;23;240
2414;60;23;28
2415;61;23;36
2416;62;23;40
2417;63;23;48
2418;64;23;52
2419;65;23;60
2420;66;23;27
2421;67;23;16
2422;68;23;24
2423;69;23;32
2424;70;23;7
2425;71;23;9
2426;72;23;13
2427;73;23;16
2428;74;23;20
2429;75;23;27
2430;76;23;28
2431;77;23;40
2432;78;23;40
2433;79;23;40
2434;80;23;54
2435;81;23;54
2436;82;23;60
2437;83;23;68
2438;84;23;68
2439;85;23;81
2440;86;23;81
2441;87;23;108
2442;88;23;136
2443;89;23;160
2444;90;23;163
2445;91;23;192
2446;92;23;204
2447;93;23;240
2448;94;23;272
2449;95;23;299
2450;96;23;340
2451;97;23;360
2452;98;23;16
2453;99;23;19
2454;100;23;24
2455;101;23;32
2456;102;23;36
2457;103;23;48
2458;104;23;48
2459;105;23;60
2460;106;23;72
2461;107;23;120
2462;1;24;8
2463;2;24;14
2464;3;24;17
2465;4;24;21
2466;5;24;23
2467;6;24;29
2468;7;24;10
2469;8;24;10
2470;9;24;17
2471;10;24;20
2472;11;24;27
2473;12;24;30
2474;13;24;34
2475;14;24;41
2476;15;24;51
2477;16;24;51
2478;17;24;57
2479;18;24;58
2480;19;24;68
2481;20;24;82
2482;21;24;76
2483;22;24;102
2484;23;24;102
2485;24;24;112
2486;25;24;119
2487;26;24;136
2488;27;24;147
2489;28;24;152
2490;29;24;205
2491;30;24;205
2492;31;24;222
2493;32;24;228
2494;33;24;170
2495;34;24;304
2496;35;24;304
2497;36;24;696
2498;37;24;10
2499;38;24;13
2500;39;24;17
2501;40;24;20
2502;41;24;25
2503;42;24;30
2504;43;24;41
2505;44;24;51
2506;45;24;68
2507;46;24;36
2508;47;24;76
2509;48;24;76
2510;49;24;76
2511;50;24;76
2512;51;24;76
2513;52;24;152
2514;53;24;256
2515;54;24;341
2516;55;24;341
2517;56;24;812
2518;57;24;68
2519;58;24;170
2520;59;24;256
2521;60;24;30
2522;61;24;38
2523;62;24;43
2524;63;24;51
2525;64;24;56
2526;65;24;64
2527;66;24;29
2528;67;24;17
2529;68;24;25
2530;69;24;34
2531;70;24;8
2532;71;24;10
2533;72;24;14
2534;73;24;17
2535;74;24;20
2536;75;24;29
2537;76;24;30
2538;77;24;43
2539;78;24;43
2540;79;24;51
2541;80;24;58
2542;81;24;58
2543;82;24;64
2544;83;24;72
2545;84;24;72
2546;85;24;87
2547;86;24;87
2548;87;24;116
2549;88;24;145
2550;89;24;170
2551;90;24;174
2552;91;24;205
2553;92;24;217
2554;93;24;240
2555;94;24;290
2556;95;24;319
2557;96;24;363
2558;97;24;696
2559;98;24;17
2560;99;24;20
2561;100;24;25
2562;101;24;34
2563;102;24;38
2564;103;24;51
2565;104;24;51
2566;105;24;64
2567;106;24;76
2568;107;24;128
